<?xml version="1.0" encoding="UTF-8"?>
<project-private xmlns="http://www.netbeans.org/ns/project-private/1">
    <editor-bookmarks xmlns="http://www.netbeans.org/ns/editor-bookmarks/2" lastBookmarkId="0"/>
    <open-files xmlns="http://www.netbeans.org/ns/projectui-open-files/2">
        <group>
            <file>file:/E:/IFTM-2021/2021-1/POO2/PROGRAMAS/Prog2Heranca/src/prog2heranca/Funcionario.java</file>
            <file>file:/E:/IFTM-2021/2021-1/POO2/PROGRAMAS/Prog2Heranca/src/prog2heranca/Pessoa.java</file>
            <file>file:/E:/IFTM-2021/2021-1/POO2/PROGRAMAS/Prog2Heranca/src/prog2heranca/Professor.java</file>
            <file>file:/E:/IFTM-2021/2021-1/POO2/PROGRAMAS/Prog2Heranca/src/prog2heranca/Aluno.java</file>
            <file>file:/E:/IFTM-2021/2021-1/POO2/PROGRAMAS/Prog2Heranca/src/prog2heranca/Prog2Heranca.java</file>
        </group>
    </open-files>
</project-private>
